cfbd_conference_id,cfbd_division,valid_from,valid_to,espn_group_id,source,notes
220,,2001,2010,9,ESPN walk 2026-09-26 (note 01 §1b),ESPN group 9 holds the Pac-10 members in 2001-10 under today's Pac-12 label.
222,,2001,2012,10,ESPN walk 2026-09-26; note 03 §2,Football Big East.
215,,2001,2012,16,ESPN walk 2026-09-26; note 03 §2,The FBS-era WAC; ESPN files it under FCS (81).
299,,2001,2007,21,ESPN walk 2026-09-26; note 03 §2,Gateway Football Conference.
301,,2023,,48,ESPN walk 2026-09-26; note 03 §2,Coastal Athletic Association.
351,,2025,2025,179,ESPN walk 2026-09-26; note 03 §2,OVC-Big South Football Association.
26,,2026,,179,ESPN walk 2026-09-26 (group 179 present 2023-26),ESPN keeps 179 for the 2026 OVC; its old OVC id 26 ends in 2022.
5,Legends,2011,2013,52,ESPN walk 2026-09-26 (note 01 §1b: Nebraska in 52 for 2011-12),"ESPN 52 is labelled 'Big Ten - East' in every season, but in 2011-13 it holds the Legends."
5,Leaders,2011,2013,53,ESPN walk 2026-09-26 (note 01 §1b),"ESPN 53 is labelled 'Big Ten - West' in every season, but in 2011-13 it holds the Leaders."
