kenpom_team,espn_team_id,method,first_year,last_year
Abilene Christian,2000,hoopR mbb_crosswalk 2025/2026 kp_team,2014,2026
Air Force,2005,hoopR mbb_crosswalk 2025/2026 kp_team,2002,2026
Akron,2006,hoopR mbb_crosswalk 2025/2026 kp_team,2002,2026
Alabama,333,hoopR mbb_crosswalk 2025/2026 kp_team,2002,2026
Alabama A&M,2010,hoopR mbb_crosswalk 2025/2026 kp_team,2002,2026
Alabama St.,2011,hoopR mbb_crosswalk 2025/2026 kp_team,2002,2026
Albany,399,hoopR mbb_crosswalk 2025/2026 kp_team,2002,2026
Alcorn St.,2016,hoopR mbb_crosswalk 2025/2026 kp_team,2002,2026
American,44,hoopR mbb_crosswalk 2025/2026 kp_team,2002,2026
Appalachian St.,2026,hoopR mbb_crosswalk 2025/2026 kp_team,2002,2026
Arizona,12,hoopR mbb_crosswalk 2025/2026 kp_team,2002,2026
Arizona St.,9,hoopR mbb_crosswalk 2025/2026 kp_team,2002,2026
Arkansas,8,hoopR mbb_crosswalk 2025/2026 kp_team,2002,2026
Arkansas Little Rock,2031,"manual: former name, id checked against ESPN standings labels",2002,2016
Arkansas Pine Bluff,2029,hoopR mbb_crosswalk 2025/2026 kp_team,2002,2026
Arkansas St.,2032,hoopR mbb_crosswalk 2025/2026 kp_team,2002,2026
Army,349,hoopR mbb_crosswalk 2025/2026 kp_team,2002,2026
Auburn,2,hoopR mbb_crosswalk 2025/2026 kp_team,2002,2026
Austin Peay,2046,hoopR mbb_crosswalk 2025/2026 kp_team,2002,2026
BYU,252,hoopR mbb_crosswalk 2025/2026 kp_team,2002,2026
Ball St.,2050,hoopR mbb_crosswalk 2025/2026 kp_team,2002,2026
Baylor,239,hoopR mbb_crosswalk 2025/2026 kp_team,2002,2026
Bellarmine,91,hoopR mbb_crosswalk 2025/2026 kp_team,2021,2026
Belmont,2057,hoopR mbb_crosswalk 2025/2026 kp_team,2002,2026
Bethune Cookman,2065,hoopR mbb_crosswalk 2025/2026 kp_team,2002,2026
Binghamton,2066,hoopR mbb_crosswalk 2025/2026 kp_team,2002,2026
Birmingham Southern,3,exact normalized ESPN standings label,2002,2006
Boise St.,68,hoopR mbb_crosswalk 2025/2026 kp_team,2002,2026
Boston College,103,hoopR mbb_crosswalk 2025/2026 kp_team,2002,2026
Boston University,104,hoopR mbb_crosswalk 2025/2026 kp_team,2002,2026
Bowling Green,189,hoopR mbb_crosswalk 2025/2026 kp_team,2002,2026
Bradley,71,hoopR mbb_crosswalk 2025/2026 kp_team,2002,2026
Brown,225,hoopR mbb_crosswalk 2025/2026 kp_team,2002,2026
Bryant,2803,hoopR mbb_crosswalk 2025/2026 kp_team,2009,2026
Bucknell,2083,hoopR mbb_crosswalk 2025/2026 kp_team,2002,2026
Buffalo,2084,hoopR mbb_crosswalk 2025/2026 kp_team,2002,2026
Butler,2086,hoopR mbb_crosswalk 2025/2026 kp_team,2002,2026
CSUN,2463,hoopR mbb_crosswalk 2025/2026 kp_team,2025,2026
Cal Baptist,2856,hoopR mbb_crosswalk 2025/2026 kp_team,2019,2026
Cal Poly,13,hoopR mbb_crosswalk 2025/2026 kp_team,2002,2026
Cal St. Bakersfield,2934,hoopR mbb_crosswalk 2025/2026 kp_team,2008,2026
Cal St. Fullerton,2239,hoopR mbb_crosswalk 2025/2026 kp_team,2002,2026
Cal St. Northridge,2463,exact normalized ESPN standings label,2002,2024
California,25,hoopR mbb_crosswalk 2025/2026 kp_team,2002,2026
Campbell,2097,hoopR mbb_crosswalk 2025/2026 kp_team,2002,2026
Canisius,2099,hoopR mbb_crosswalk 2025/2026 kp_team,2002,2026
Centenary,2113,"manual: former name, id checked against ESPN standings labels",2002,2011
Central Arkansas,2110,hoopR mbb_crosswalk 2025/2026 kp_team,2007,2026
Central Connecticut,2115,hoopR mbb_crosswalk 2025/2026 kp_team,2002,2026
Central Michigan,2117,hoopR mbb_crosswalk 2025/2026 kp_team,2002,2026
Charleston,232,hoopR mbb_crosswalk 2025/2026 kp_team,2019,2026
Charleston Southern,2127,hoopR mbb_crosswalk 2025/2026 kp_team,2002,2026
Charlotte,2429,hoopR mbb_crosswalk 2025/2026 kp_team,2002,2026
Chattanooga,236,hoopR mbb_crosswalk 2025/2026 kp_team,2002,2026
Chicago St.,2130,hoopR mbb_crosswalk 2025/2026 kp_team,2002,2026
Cincinnati,2132,hoopR mbb_crosswalk 2025/2026 kp_team,2002,2026
Clemson,228,hoopR mbb_crosswalk 2025/2026 kp_team,2002,2026
Cleveland St.,325,hoopR mbb_crosswalk 2025/2026 kp_team,2002,2026
Coastal Carolina,324,hoopR mbb_crosswalk 2025/2026 kp_team,2002,2026
Colgate,2142,hoopR mbb_crosswalk 2025/2026 kp_team,2002,2026
College of Charleston,232,"manual: former name, id checked against ESPN standings labels",2002,2018
Colorado,38,hoopR mbb_crosswalk 2025/2026 kp_team,2002,2026
Colorado St.,36,hoopR mbb_crosswalk 2025/2026 kp_team,2002,2026
Columbia,171,hoopR mbb_crosswalk 2025/2026 kp_team,2002,2026
Connecticut,41,hoopR mbb_crosswalk 2025/2026 kp_team,2002,2026
Coppin St.,2154,hoopR mbb_crosswalk 2025/2026 kp_team,2002,2026
Cornell,172,hoopR mbb_crosswalk 2025/2026 kp_team,2002,2026
Creighton,156,hoopR mbb_crosswalk 2025/2026 kp_team,2002,2026
Dartmouth,159,hoopR mbb_crosswalk 2025/2026 kp_team,2002,2026
Davidson,2166,hoopR mbb_crosswalk 2025/2026 kp_team,2002,2026
Dayton,2168,hoopR mbb_crosswalk 2025/2026 kp_team,2002,2026
DePaul,305,hoopR mbb_crosswalk 2025/2026 kp_team,2002,2026
Delaware,48,hoopR mbb_crosswalk 2025/2026 kp_team,2002,2026
Delaware St.,2169,hoopR mbb_crosswalk 2025/2026 kp_team,2002,2026
Denver,2172,hoopR mbb_crosswalk 2025/2026 kp_team,2002,2026
Detroit,2174,"manual: former name, id checked against ESPN standings labels",2002,2021
Detroit Mercy,2174,hoopR mbb_crosswalk 2025/2026 kp_team,2022,2026
Dixie St.,3101,"manual: former name, id checked against ESPN standings labels",2021,2022
Drake,2181,hoopR mbb_crosswalk 2025/2026 kp_team,2002,2026
Drexel,2182,hoopR mbb_crosswalk 2025/2026 kp_team,2002,2026
Duke,150,hoopR mbb_crosswalk 2025/2026 kp_team,2002,2026
Duquesne,2184,hoopR mbb_crosswalk 2025/2026 kp_team,2002,2026
East Carolina,151,hoopR mbb_crosswalk 2025/2026 kp_team,2002,2026
East Tennessee St.,2193,hoopR mbb_crosswalk 2025/2026 kp_team,2002,2026
East Texas A&M,2837,hoopR mbb_crosswalk 2025/2026 kp_team,2025,2026
Eastern Illinois,2197,hoopR mbb_crosswalk 2025/2026 kp_team,2002,2026
Eastern Kentucky,2198,hoopR mbb_crosswalk 2025/2026 kp_team,2002,2026
Eastern Michigan,2199,hoopR mbb_crosswalk 2025/2026 kp_team,2002,2026
Eastern Washington,331,hoopR mbb_crosswalk 2025/2026 kp_team,2002,2026
Elon,2210,hoopR mbb_crosswalk 2025/2026 kp_team,2002,2026
Evansville,339,hoopR mbb_crosswalk 2025/2026 kp_team,2002,2026
FIU,2229,hoopR mbb_crosswalk 2025/2026 kp_team,2002,2026
Fairfield,2217,hoopR mbb_crosswalk 2025/2026 kp_team,2002,2026
Fairleigh Dickinson,161,hoopR mbb_crosswalk 2025/2026 kp_team,2002,2026
Florida,57,hoopR mbb_crosswalk 2025/2026 kp_team,2002,2026
Florida A&M,50,hoopR mbb_crosswalk 2025/2026 kp_team,2002,2026
Florida Atlantic,2226,hoopR mbb_crosswalk 2025/2026 kp_team,2002,2026
Florida Gulf Coast,526,hoopR mbb_crosswalk 2025/2026 kp_team,2008,2026
Florida St.,52,hoopR mbb_crosswalk 2025/2026 kp_team,2002,2026
Fordham,2230,hoopR mbb_crosswalk 2025/2026 kp_team,2002,2026
Fort Wayne,2870,"manual: former name, id checked against ESPN standings labels",2017,2018
Fresno St.,278,hoopR mbb_crosswalk 2025/2026 kp_team,2002,2026
Furman,231,hoopR mbb_crosswalk 2025/2026 kp_team,2002,2026
Gardner Webb,2241,hoopR mbb_crosswalk 2025/2026 kp_team,2002,2026
George Mason,2244,hoopR mbb_crosswalk 2025/2026 kp_team,2002,2026
George Washington,45,hoopR mbb_crosswalk 2025/2026 kp_team,2002,2026
Georgetown,46,hoopR mbb_crosswalk 2025/2026 kp_team,2002,2026
Georgia,61,hoopR mbb_crosswalk 2025/2026 kp_team,2002,2026
Georgia Southern,290,hoopR mbb_crosswalk 2025/2026 kp_team,2002,2026
Georgia St.,2247,hoopR mbb_crosswalk 2025/2026 kp_team,2002,2026
Georgia Tech,59,hoopR mbb_crosswalk 2025/2026 kp_team,2002,2026
Gonzaga,2250,hoopR mbb_crosswalk 2025/2026 kp_team,2002,2026
Grambling St.,2755,hoopR mbb_crosswalk 2025/2026 kp_team,2002,2026
Grand Canyon,2253,hoopR mbb_crosswalk 2025/2026 kp_team,2014,2026
Green Bay,2739,hoopR mbb_crosswalk 2025/2026 kp_team,2002,2026
Hampton,2261,hoopR mbb_crosswalk 2025/2026 kp_team,2002,2026
Hartford,42,exact normalized ESPN standings label,2002,2023
Harvard,108,hoopR mbb_crosswalk 2025/2026 kp_team,2002,2026
Hawaii,62,hoopR mbb_crosswalk 2025/2026 kp_team,2002,2026
High Point,2272,hoopR mbb_crosswalk 2025/2026 kp_team,2002,2026
Hofstra,2275,hoopR mbb_crosswalk 2025/2026 kp_team,2002,2026
Holy Cross,107,hoopR mbb_crosswalk 2025/2026 kp_team,2002,2026
Houston,248,hoopR mbb_crosswalk 2025/2026 kp_team,2002,2026
Houston Baptist,2277,"manual: former name, id checked against ESPN standings labels",2009,2022
Houston Christian,2277,hoopR mbb_crosswalk 2025/2026 kp_team,2023,2026
Howard,47,hoopR mbb_crosswalk 2025/2026 kp_team,2002,2026
IPFW,2870,"manual: former name, id checked against ESPN standings labels",2002,2016
IU Indy,85,hoopR mbb_crosswalk 2025/2026 kp_team,2025,2026
IUPUI,85,exact normalized NCAA crosswalk name,2002,2024
Idaho,70,hoopR mbb_crosswalk 2025/2026 kp_team,2002,2026
Idaho St.,304,hoopR mbb_crosswalk 2025/2026 kp_team,2002,2026
Illinois,356,hoopR mbb_crosswalk 2025/2026 kp_team,2002,2026
Illinois Chicago,82,hoopR mbb_crosswalk 2025/2026 kp_team,2002,2026
Illinois St.,2287,hoopR mbb_crosswalk 2025/2026 kp_team,2002,2026
Incarnate Word,2916,hoopR mbb_crosswalk 2025/2026 kp_team,2014,2026
Indiana,84,hoopR mbb_crosswalk 2025/2026 kp_team,2002,2026
Indiana St.,282,hoopR mbb_crosswalk 2025/2026 kp_team,2002,2026
Iona,314,hoopR mbb_crosswalk 2025/2026 kp_team,2002,2026
Iowa,2294,hoopR mbb_crosswalk 2025/2026 kp_team,2002,2026
Iowa St.,66,hoopR mbb_crosswalk 2025/2026 kp_team,2002,2026
Jackson St.,2296,hoopR mbb_crosswalk 2025/2026 kp_team,2002,2026
Jacksonville,294,hoopR mbb_crosswalk 2025/2026 kp_team,2002,2026
Jacksonville St.,55,hoopR mbb_crosswalk 2025/2026 kp_team,2002,2026
James Madison,256,hoopR mbb_crosswalk 2025/2026 kp_team,2002,2026
Kansas,2305,hoopR mbb_crosswalk 2025/2026 kp_team,2002,2026
Kansas City,140,hoopR mbb_crosswalk 2025/2026 kp_team,2025,2026
Kansas St.,2306,hoopR mbb_crosswalk 2025/2026 kp_team,2002,2026
Kennesaw St.,338,hoopR mbb_crosswalk 2025/2026 kp_team,2006,2026
Kent St.,2309,hoopR mbb_crosswalk 2025/2026 kp_team,2002,2026
Kentucky,96,hoopR mbb_crosswalk 2025/2026 kp_team,2002,2026
LIU,112358,hoopR mbb_crosswalk 2025/2026 kp_team,2020,2026
LIU Brooklyn,112358,exact normalized NCAA crosswalk name,2002,2019
LSU,99,hoopR mbb_crosswalk 2025/2026 kp_team,2002,2026
La Salle,2325,hoopR mbb_crosswalk 2025/2026 kp_team,2002,2026
Lafayette,322,hoopR mbb_crosswalk 2025/2026 kp_team,2002,2026
Lamar,2320,hoopR mbb_crosswalk 2025/2026 kp_team,2002,2026
Le Moyne,2330,hoopR mbb_crosswalk 2025/2026 kp_team,2024,2026
Lehigh,2329,hoopR mbb_crosswalk 2025/2026 kp_team,2002,2026
Liberty,2335,hoopR mbb_crosswalk 2025/2026 kp_team,2002,2026
Lindenwood,2815,exact normalized ESPN standings label,2023,2026
Lipscomb,288,hoopR mbb_crosswalk 2025/2026 kp_team,2002,2026
Little Rock,2031,hoopR mbb_crosswalk 2025/2026 kp_team,2017,2026
Long Beach St.,299,hoopR mbb_crosswalk 2025/2026 kp_team,2002,2026
Longwood,2344,hoopR mbb_crosswalk 2025/2026 kp_team,2005,2026
Louisiana,309,hoopR mbb_crosswalk 2025/2026 kp_team,2019,2026
Louisiana Lafayette,309,"manual: former name, id checked against ESPN standings labels",2002,2018
Louisiana Monroe,2433,hoopR mbb_crosswalk 2025/2026 kp_team,2002,2026
Louisiana Tech,2348,hoopR mbb_crosswalk 2025/2026 kp_team,2002,2026
Louisville,97,hoopR mbb_crosswalk 2025/2026 kp_team,2002,2026
Loyola Chicago,2350,hoopR mbb_crosswalk 2025/2026 kp_team,2002,2026
Loyola MD,2352,hoopR mbb_crosswalk 2025/2026 kp_team,2002,2026
Loyola Marymount,2351,hoopR mbb_crosswalk 2025/2026 kp_team,2002,2026
Maine,311,hoopR mbb_crosswalk 2025/2026 kp_team,2002,2026
Manhattan,2363,hoopR mbb_crosswalk 2025/2026 kp_team,2002,2026
Marist,2368,hoopR mbb_crosswalk 2025/2026 kp_team,2002,2026
Marquette,269,hoopR mbb_crosswalk 2025/2026 kp_team,2002,2026
Marshall,276,hoopR mbb_crosswalk 2025/2026 kp_team,2002,2026
Maryland,120,hoopR mbb_crosswalk 2025/2026 kp_team,2002,2026
Maryland Eastern Shore,2379,hoopR mbb_crosswalk 2025/2026 kp_team,2002,2026
Massachusetts,113,hoopR mbb_crosswalk 2025/2026 kp_team,2002,2026
McNeese,2377,hoopR mbb_crosswalk 2025/2026 kp_team,2025,2026
McNeese St.,2377,"manual: former name, id checked against ESPN standings labels",2002,2024
Memphis,235,hoopR mbb_crosswalk 2025/2026 kp_team,2002,2026
Mercer,2382,hoopR mbb_crosswalk 2025/2026 kp_team,2002,2026
Mercyhurst,2385,hoopR mbb_crosswalk 2025/2026 kp_team,2025,2026
Merrimack,2771,hoopR mbb_crosswalk 2025/2026 kp_team,2020,2026
Miami FL,2390,hoopR mbb_crosswalk 2025/2026 kp_team,2002,2026
Miami OH,193,hoopR mbb_crosswalk 2025/2026 kp_team,2002,2026
Michigan,130,hoopR mbb_crosswalk 2025/2026 kp_team,2002,2026
Michigan St.,127,hoopR mbb_crosswalk 2025/2026 kp_team,2002,2026
Middle Tennessee,2393,hoopR mbb_crosswalk 2025/2026 kp_team,2002,2026
Middle Tennessee St.,2393,"manual: former name, id checked against ESPN standings labels",2003,2003
Milwaukee,270,hoopR mbb_crosswalk 2025/2026 kp_team,2002,2026
Minnesota,135,hoopR mbb_crosswalk 2025/2026 kp_team,2002,2026
Mississippi,145,hoopR mbb_crosswalk 2025/2026 kp_team,2002,2026
Mississippi St.,344,hoopR mbb_crosswalk 2025/2026 kp_team,2002,2026
Mississippi Valley St.,2400,hoopR mbb_crosswalk 2025/2026 kp_team,2002,2026
Missouri,142,hoopR mbb_crosswalk 2025/2026 kp_team,2002,2026
Missouri St.,2623,hoopR mbb_crosswalk 2025/2026 kp_team,2006,2026
Monmouth,2405,hoopR mbb_crosswalk 2025/2026 kp_team,2002,2026
Montana,149,hoopR mbb_crosswalk 2025/2026 kp_team,2002,2026
Montana St.,147,hoopR mbb_crosswalk 2025/2026 kp_team,2002,2026
Morehead St.,2413,hoopR mbb_crosswalk 2025/2026 kp_team,2002,2026
Morgan St.,2415,hoopR mbb_crosswalk 2025/2026 kp_team,2002,2026
Morris Brown,2417,exact normalized ESPN standings label,2002,2003
Mount St. Mary's,116,hoopR mbb_crosswalk 2025/2026 kp_team,2002,2026
Murray St.,93,hoopR mbb_crosswalk 2025/2026 kp_team,2002,2026
N.C. State,152,hoopR mbb_crosswalk 2025/2026 kp_team,2002,2026
NJIT,2885,hoopR mbb_crosswalk 2025/2026 kp_team,2007,2026
Navy,2426,hoopR mbb_crosswalk 2025/2026 kp_team,2002,2026
Nebraska,158,hoopR mbb_crosswalk 2025/2026 kp_team,2002,2026
Nebraska Omaha,2437,hoopR mbb_crosswalk 2025/2026 kp_team,2012,2026
Nevada,2440,hoopR mbb_crosswalk 2025/2026 kp_team,2002,2026
New Hampshire,160,hoopR mbb_crosswalk 2025/2026 kp_team,2002,2026
New Haven,2441,hoopR mbb_crosswalk 2025/2026 kp_team,2026,2026
New Mexico,167,hoopR mbb_crosswalk 2025/2026 kp_team,2002,2026
New Mexico St.,166,hoopR mbb_crosswalk 2025/2026 kp_team,2002,2026
New Orleans,2443,hoopR mbb_crosswalk 2025/2026 kp_team,2002,2026
Niagara,315,hoopR mbb_crosswalk 2025/2026 kp_team,2002,2026
Nicholls,2447,hoopR mbb_crosswalk 2025/2026 kp_team,2025,2026
Nicholls St.,2447,"manual: former name, id checked against ESPN standings labels",2002,2024
Norfolk St.,2450,hoopR mbb_crosswalk 2025/2026 kp_team,2002,2026
North Alabama,2453,hoopR mbb_crosswalk 2025/2026 kp_team,2019,2026
North Carolina,153,hoopR mbb_crosswalk 2025/2026 kp_team,2002,2026
North Carolina A&T,2448,hoopR mbb_crosswalk 2025/2026 kp_team,2002,2026
North Carolina Central,2428,hoopR mbb_crosswalk 2025/2026 kp_team,2008,2026
North Dakota,155,hoopR mbb_crosswalk 2025/2026 kp_team,2010,2026
North Dakota St.,2449,hoopR mbb_crosswalk 2025/2026 kp_team,2006,2026
North Florida,2454,hoopR mbb_crosswalk 2025/2026 kp_team,2006,2026
North Texas,249,hoopR mbb_crosswalk 2025/2026 kp_team,2002,2026
Northeastern,111,hoopR mbb_crosswalk 2025/2026 kp_team,2002,2026
Northern Arizona,2464,hoopR mbb_crosswalk 2025/2026 kp_team,2002,2026
Northern Colorado,2458,hoopR mbb_crosswalk 2025/2026 kp_team,2005,2026
Northern Illinois,2459,hoopR mbb_crosswalk 2025/2026 kp_team,2002,2026
Northern Iowa,2460,hoopR mbb_crosswalk 2025/2026 kp_team,2002,2026
Northern Kentucky,94,hoopR mbb_crosswalk 2025/2026 kp_team,2013,2026
Northwestern,77,hoopR mbb_crosswalk 2025/2026 kp_team,2002,2026
Northwestern St.,2466,hoopR mbb_crosswalk 2025/2026 kp_team,2002,2026
Notre Dame,87,hoopR mbb_crosswalk 2025/2026 kp_team,2002,2026
Oakland,2473,hoopR mbb_crosswalk 2025/2026 kp_team,2002,2026
Ohio,195,hoopR mbb_crosswalk 2025/2026 kp_team,2002,2026
Ohio St.,194,hoopR mbb_crosswalk 2025/2026 kp_team,2002,2026
Oklahoma,201,hoopR mbb_crosswalk 2025/2026 kp_team,2002,2026
Oklahoma St.,197,hoopR mbb_crosswalk 2025/2026 kp_team,2002,2026
Old Dominion,295,hoopR mbb_crosswalk 2025/2026 kp_team,2002,2026
Oral Roberts,198,hoopR mbb_crosswalk 2025/2026 kp_team,2002,2026
Oregon,2483,hoopR mbb_crosswalk 2025/2026 kp_team,2002,2026
Oregon St.,204,hoopR mbb_crosswalk 2025/2026 kp_team,2002,2026
Pacific,279,hoopR mbb_crosswalk 2025/2026 kp_team,2002,2026
Penn,219,hoopR mbb_crosswalk 2025/2026 kp_team,2002,2026
Penn St.,213,hoopR mbb_crosswalk 2025/2026 kp_team,2002,2026
Pepperdine,2492,hoopR mbb_crosswalk 2025/2026 kp_team,2002,2026
Pittsburgh,221,hoopR mbb_crosswalk 2025/2026 kp_team,2002,2026
Portland,2501,hoopR mbb_crosswalk 2025/2026 kp_team,2002,2026
Portland St.,2502,hoopR mbb_crosswalk 2025/2026 kp_team,2002,2026
Prairie View A&M,2504,hoopR mbb_crosswalk 2025/2026 kp_team,2002,2026
Presbyterian,2506,hoopR mbb_crosswalk 2025/2026 kp_team,2008,2026
Princeton,163,hoopR mbb_crosswalk 2025/2026 kp_team,2002,2026
Providence,2507,hoopR mbb_crosswalk 2025/2026 kp_team,2002,2026
Purdue,2509,hoopR mbb_crosswalk 2025/2026 kp_team,2002,2026
Purdue Fort Wayne,2870,hoopR mbb_crosswalk 2025/2026 kp_team,2019,2026
Queens,2511,exact normalized ESPN standings label,2023,2026
Quinnipiac,2514,hoopR mbb_crosswalk 2025/2026 kp_team,2002,2026
Radford,2515,hoopR mbb_crosswalk 2025/2026 kp_team,2002,2026
Rhode Island,227,hoopR mbb_crosswalk 2025/2026 kp_team,2002,2026
Rice,242,hoopR mbb_crosswalk 2025/2026 kp_team,2002,2026
Richmond,257,hoopR mbb_crosswalk 2025/2026 kp_team,2002,2026
Rider,2520,hoopR mbb_crosswalk 2025/2026 kp_team,2002,2026
Robert Morris,2523,hoopR mbb_crosswalk 2025/2026 kp_team,2002,2026
Rutgers,164,hoopR mbb_crosswalk 2025/2026 kp_team,2002,2026
SIU Edwardsville,2565,exact normalized ESPN standings label,2009,2024
SIUE,2565,hoopR mbb_crosswalk 2025/2026 kp_team,2025,2026
SMU,2567,hoopR mbb_crosswalk 2025/2026 kp_team,2002,2026
Sacramento St.,16,hoopR mbb_crosswalk 2025/2026 kp_team,2002,2026
Sacred Heart,2529,hoopR mbb_crosswalk 2025/2026 kp_team,2002,2026
Saint Francis,2598,hoopR mbb_crosswalk 2025/2026 kp_team,2024,2026
Saint Joseph's,2603,hoopR mbb_crosswalk 2025/2026 kp_team,2002,2026
Saint Louis,139,hoopR mbb_crosswalk 2025/2026 kp_team,2002,2026
Saint Mary's,2608,hoopR mbb_crosswalk 2025/2026 kp_team,2002,2026
Saint Peter's,2612,hoopR mbb_crosswalk 2025/2026 kp_team,2002,2026
Sam Houston St.,2534,hoopR mbb_crosswalk 2025/2026 kp_team,2002,2026
Samford,2535,hoopR mbb_crosswalk 2025/2026 kp_team,2002,2026
San Diego,301,hoopR mbb_crosswalk 2025/2026 kp_team,2002,2026
San Diego St.,21,hoopR mbb_crosswalk 2025/2026 kp_team,2002,2026
San Francisco,2539,hoopR mbb_crosswalk 2025/2026 kp_team,2002,2026
San Jose St.,23,hoopR mbb_crosswalk 2025/2026 kp_team,2002,2026
Santa Clara,2541,hoopR mbb_crosswalk 2025/2026 kp_team,2002,2026
Savannah St.,2542,exact normalized ESPN standings label,2002,2019
Seattle,2547,hoopR mbb_crosswalk 2025/2026 kp_team,2010,2026
Seton Hall,2550,hoopR mbb_crosswalk 2025/2026 kp_team,2002,2026
Siena,2561,hoopR mbb_crosswalk 2025/2026 kp_team,2002,2026
South Alabama,6,hoopR mbb_crosswalk 2025/2026 kp_team,2002,2026
South Carolina,2579,hoopR mbb_crosswalk 2025/2026 kp_team,2002,2026
South Carolina St.,2569,hoopR mbb_crosswalk 2025/2026 kp_team,2002,2026
South Dakota,233,hoopR mbb_crosswalk 2025/2026 kp_team,2010,2026
South Dakota St.,2571,hoopR mbb_crosswalk 2025/2026 kp_team,2006,2026
South Florida,58,hoopR mbb_crosswalk 2025/2026 kp_team,2002,2026
Southeast Missouri,2546,hoopR mbb_crosswalk 2025/2026 kp_team,2025,2026
Southeast Missouri St.,2546,exact normalized ESPN standings label,2002,2024
Southeastern Louisiana,2545,hoopR mbb_crosswalk 2025/2026 kp_team,2002,2026
Southern,2582,hoopR mbb_crosswalk 2025/2026 kp_team,2002,2026
Southern Illinois,79,hoopR mbb_crosswalk 2025/2026 kp_team,2002,2026
Southern Indiana,88,exact normalized ESPN standings label,2023,2026
Southern Miss,2572,hoopR mbb_crosswalk 2025/2026 kp_team,2002,2026
Southern Utah,253,hoopR mbb_crosswalk 2025/2026 kp_team,2002,2026
Southwest Missouri St.,2623,"manual: former name, id checked against ESPN standings labels",2002,2005
Southwest Texas St.,326,"manual: former name, id checked against ESPN standings labels",2002,2003
St. Bonaventure,179,hoopR mbb_crosswalk 2025/2026 kp_team,2002,2026
St. Francis NY,2597,"manual: former name, id checked against ESPN standings labels",2002,2023
St. Francis PA,2598,"manual: former name, id checked against ESPN standings labels",2002,2023
St. John's,2599,hoopR mbb_crosswalk 2025/2026 kp_team,2002,2026
St. Thomas,2900,hoopR mbb_crosswalk 2025/2026 kp_team,2022,2026
Stanford,24,hoopR mbb_crosswalk 2025/2026 kp_team,2002,2026
Stephen F. Austin,2617,hoopR mbb_crosswalk 2025/2026 kp_team,2002,2026
Stetson,56,hoopR mbb_crosswalk 2025/2026 kp_team,2002,2026
Stonehill,284,hoopR mbb_crosswalk 2025/2026 kp_team,2023,2026
Stony Brook,2619,hoopR mbb_crosswalk 2025/2026 kp_team,2002,2026
Syracuse,183,hoopR mbb_crosswalk 2025/2026 kp_team,2002,2026
TCU,2628,hoopR mbb_crosswalk 2025/2026 kp_team,2002,2026
Tarleton St.,2627,hoopR mbb_crosswalk 2025/2026 kp_team,2021,2026
Temple,218,hoopR mbb_crosswalk 2025/2026 kp_team,2002,2026
Tennessee,2633,hoopR mbb_crosswalk 2025/2026 kp_team,2002,2026
Tennessee Martin,2630,hoopR mbb_crosswalk 2025/2026 kp_team,2002,2026
Tennessee St.,2634,hoopR mbb_crosswalk 2025/2026 kp_team,2002,2026
Tennessee Tech,2635,hoopR mbb_crosswalk 2025/2026 kp_team,2002,2026
Texas,251,hoopR mbb_crosswalk 2025/2026 kp_team,2002,2026
Texas A&M,245,hoopR mbb_crosswalk 2025/2026 kp_team,2002,2026
Texas A&M Commerce,2837,"manual: former name, id checked against ESPN standings labels",2023,2024
Texas A&M Corpus Chris,357,hoopR mbb_crosswalk 2025/2026 kp_team,2002,2026
Texas Pan American,292,"manual: former name, id checked against ESPN standings labels",2002,2015
Texas Southern,2640,hoopR mbb_crosswalk 2025/2026 kp_team,2002,2026
Texas St.,326,hoopR mbb_crosswalk 2025/2026 kp_team,2004,2026
Texas Tech,2641,hoopR mbb_crosswalk 2025/2026 kp_team,2002,2026
The Citadel,2643,hoopR mbb_crosswalk 2025/2026 kp_team,2002,2026
Toledo,2649,hoopR mbb_crosswalk 2025/2026 kp_team,2002,2026
Towson,119,hoopR mbb_crosswalk 2025/2026 kp_team,2002,2026
Troy,2653,hoopR mbb_crosswalk 2025/2026 kp_team,2005,2026
Troy St.,2653,"manual: former name, id checked against ESPN standings labels",2002,2004
Tulane,2655,hoopR mbb_crosswalk 2025/2026 kp_team,2002,2026
Tulsa,202,hoopR mbb_crosswalk 2025/2026 kp_team,2002,2026
UAB,5,hoopR mbb_crosswalk 2025/2026 kp_team,2002,2026
UC Davis,302,hoopR mbb_crosswalk 2025/2026 kp_team,2005,2026
UC Irvine,300,hoopR mbb_crosswalk 2025/2026 kp_team,2002,2026
UC Riverside,27,hoopR mbb_crosswalk 2025/2026 kp_team,2002,2026
UC San Diego,28,hoopR mbb_crosswalk 2025/2026 kp_team,2021,2026
UC Santa Barbara,2540,hoopR mbb_crosswalk 2025/2026 kp_team,2002,2026
UCF,2116,hoopR mbb_crosswalk 2025/2026 kp_team,2002,2026
UCLA,26,hoopR mbb_crosswalk 2025/2026 kp_team,2002,2026
UMBC,2378,hoopR mbb_crosswalk 2025/2026 kp_team,2002,2026
UMKC,140,"manual: former name, id checked against ESPN standings labels",2002,2024
UMass Lowell,2349,hoopR mbb_crosswalk 2025/2026 kp_team,2014,2026
UNC Asheville,2427,hoopR mbb_crosswalk 2025/2026 kp_team,2002,2026
UNC Greensboro,2430,hoopR mbb_crosswalk 2025/2026 kp_team,2002,2026
UNC Wilmington,350,hoopR mbb_crosswalk 2025/2026 kp_team,2002,2026
UNLV,2439,hoopR mbb_crosswalk 2025/2026 kp_team,2002,2026
USC,30,hoopR mbb_crosswalk 2025/2026 kp_team,2002,2026
USC Upstate,2908,hoopR mbb_crosswalk 2025/2026 kp_team,2008,2026
UT Arlington,250,hoopR mbb_crosswalk 2025/2026 kp_team,2002,2026
UT Rio Grande Valley,292,hoopR mbb_crosswalk 2025/2026 kp_team,2016,2026
UTEP,2638,hoopR mbb_crosswalk 2025/2026 kp_team,2002,2026
UTSA,2636,hoopR mbb_crosswalk 2025/2026 kp_team,2002,2026
Utah,254,hoopR mbb_crosswalk 2025/2026 kp_team,2002,2026
Utah St.,328,hoopR mbb_crosswalk 2025/2026 kp_team,2002,2026
Utah Tech,3101,hoopR mbb_crosswalk 2025/2026 kp_team,2023,2026
Utah Valley,3084,hoopR mbb_crosswalk 2025/2026 kp_team,2009,2026
Utah Valley St.,3084,"manual: former name, id checked against ESPN standings labels",2005,2008
VCU,2670,hoopR mbb_crosswalk 2025/2026 kp_team,2002,2026
VMI,2678,hoopR mbb_crosswalk 2025/2026 kp_team,2002,2026
Valparaiso,2674,hoopR mbb_crosswalk 2025/2026 kp_team,2002,2026
Vanderbilt,238,hoopR mbb_crosswalk 2025/2026 kp_team,2002,2026
Vermont,261,hoopR mbb_crosswalk 2025/2026 kp_team,2002,2026
Villanova,222,hoopR mbb_crosswalk 2025/2026 kp_team,2002,2026
Virginia,258,hoopR mbb_crosswalk 2025/2026 kp_team,2002,2026
Virginia Tech,259,hoopR mbb_crosswalk 2025/2026 kp_team,2002,2026
Wagner,2681,hoopR mbb_crosswalk 2025/2026 kp_team,2002,2026
Wake Forest,154,hoopR mbb_crosswalk 2025/2026 kp_team,2002,2026
Washington,264,hoopR mbb_crosswalk 2025/2026 kp_team,2002,2026
Washington St.,265,hoopR mbb_crosswalk 2025/2026 kp_team,2002,2026
Weber St.,2692,hoopR mbb_crosswalk 2025/2026 kp_team,2002,2026
West Georgia,2698,hoopR mbb_crosswalk 2025/2026 kp_team,2025,2026
West Virginia,277,hoopR mbb_crosswalk 2025/2026 kp_team,2002,2026
Western Carolina,2717,hoopR mbb_crosswalk 2025/2026 kp_team,2002,2026
Western Illinois,2710,hoopR mbb_crosswalk 2025/2026 kp_team,2002,2026
Western Kentucky,98,hoopR mbb_crosswalk 2025/2026 kp_team,2002,2026
Western Michigan,2711,hoopR mbb_crosswalk 2025/2026 kp_team,2002,2026
Wichita St.,2724,hoopR mbb_crosswalk 2025/2026 kp_team,2002,2026
William & Mary,2729,hoopR mbb_crosswalk 2025/2026 kp_team,2002,2026
Winston Salem St.,2736,exact normalized ESPN standings label,2007,2010
Winthrop,2737,hoopR mbb_crosswalk 2025/2026 kp_team,2002,2026
Wisconsin,275,hoopR mbb_crosswalk 2025/2026 kp_team,2002,2026
Wofford,2747,hoopR mbb_crosswalk 2025/2026 kp_team,2002,2026
Wright St.,2750,hoopR mbb_crosswalk 2025/2026 kp_team,2002,2026
Wyoming,2751,hoopR mbb_crosswalk 2025/2026 kp_team,2002,2026
Xavier,2752,hoopR mbb_crosswalk 2025/2026 kp_team,2002,2026
Yale,43,hoopR mbb_crosswalk 2025/2026 kp_team,2002,2026
Youngstown St.,2754,hoopR mbb_crosswalk 2025/2026 kp_team,2002,2026
