venue_id,valid_from,valid_to,column,value,source,notes
2,2017,2017,right_center_ft,373,MLB Stats API 2016 and 2018 venue 2 records,Camden Yards 2017: the API files the 373 ft right-centre marker under `right` for one season
2,2017,2017,right_ft,,MLB Stats API 2016 and 2018 venue 2 records,Camden Yards 2017: the API files the 373 ft right-centre marker under `right` for one season
2,2022,2022,left_ft,384,https://www.espn.com/mlb/story/_/id/33050396/baltimore-orioles-move-back-left-field-wall-camden-yards-say-no-longer-outlier-ballparks,Camden Yards left-field wall moved back for 2022 (364 -> 384 ft; 398 ft at its deepest); the API records it from 2023
2,2022,2022,left_center_ft,398,https://www.espn.com/mlb/story/_/id/33050396/baltimore-orioles-move-back-left-field-wall-camden-yards-say-no-longer-outlier-ballparks,Camden Yards left-field wall moved back for 2022 (364 -> 384 ft; 398 ft at its deepest); the API records it from 2023
2680,2013,2014,left_line_ft,336,https://www.mlb.com/padres/news/padres-announce-changes-to-petco-park-dimensions-for-2013/c-39981076,Petco Park fences moved in for 2013; the API records the new configuration from 2015 (these values are its 2015 record)
2680,2013,2014,left_ft,,https://www.mlb.com/padres/news/padres-announce-changes-to-petco-park-dimensions-for-2013/c-39981076,Petco Park fences moved in for 2013; the API records the new configuration from 2015 (these values are its 2015 record)
2680,2013,2014,left_center_ft,386,https://www.mlb.com/padres/news/padres-announce-changes-to-petco-park-dimensions-for-2013/c-39981076,Petco Park fences moved in for 2013; the API records the new configuration from 2015 (these values are its 2015 record)
2680,2013,2014,right_center_ft,391,https://www.mlb.com/padres/news/padres-announce-changes-to-petco-park-dimensions-for-2013/c-39981076,Petco Park fences moved in for 2013; the API records the new configuration from 2015 (these values are its 2015 record)
2680,2013,2014,right_ft,,https://www.mlb.com/padres/news/padres-announce-changes-to-petco-park-dimensions-for-2013/c-39981076,Petco Park fences moved in for 2013; the API records the new configuration from 2015 (these values are its 2015 record)
680,2019,,left_center_ft,378,https://www.espn.com/mlb/story/_/id/8454262/seattle-mariners-shrink-safeco-field-dimensions-2013,T-Mobile Park fences moved in for 2013 (the API has them 2013-18) and never moved back; the API's 2019+ record reverts to the pre-2013 fences
680,2019,,center_ft,401,https://www.espn.com/mlb/story/_/id/8454262/seattle-mariners-shrink-safeco-field-dimensions-2013,T-Mobile Park fences moved in for 2013 (the API has them 2013-18) and never moved back; the API's 2019+ record reverts to the pre-2013 fences
680,2019,,right_center_ft,381,https://www.espn.com/mlb/story/_/id/8454262/seattle-mariners-shrink-safeco-field-dimensions-2013,T-Mobile Park fences moved in for 2013 (the API has them 2013-18) and never moved back; the API's 2019+ record reverts to the pre-2013 fences
680,2019,,right_line_ft,326,https://www.espn.com/mlb/story/_/id/8454262/seattle-mariners-shrink-safeco-field-dimensions-2013,T-Mobile Park fences moved in for 2013 (the API has them 2013-18) and never moved back; the API's 2019+ record reverts to the pre-2013 fences
4,2022,2022,left_center_ft,377,MLB Stats API 2021 and 2023 venue 4 records,Rate Field 2022: a one-season typo (337 for 377)
5,2022,2022,left_center_ft,410,MLB Stats API 2021 and 2023 venue 5 records,Progressive Field 2022: the left-centre to right-centre markers are shifted one key for one season
5,2022,2022,center_ft,405,MLB Stats API 2021 and 2023 venue 5 records,Progressive Field 2022: the left-centre to right-centre markers are shifted one key for one season
5,2022,2022,right_center_ft,375,MLB Stats API 2021 and 2023 venue 5 records,Progressive Field 2022: the left-centre to right-centre markers are shifted one key for one season
2394,2023,,center_ft,412,https://www.mlb.com/news/tigers-changing-outfield-dimensions-at-comerica-park,Comerica Park centre field moved in to 412 ft for 2023; the API still has 420
