group_id,level,api_name,api_abbrev,valid_from,valid_to,name,short_name,abbreviation,espn_group_id,source,notes
nhl:nhl,league,,,1918,,National Hockey League,NHL,NHL,,NHL,"the league root; every season 1917-18 on (no 2004-05 season)"
nhl:eastern,conference,Prince of Wales,PRWL,1975,1993,Prince of Wales Conference,Prince of Wales,PRWL,7,api-web standings conferenceName/Abbrev,"lineage: the Prince of Wales Conference (1974-75 to 1992-93) was renamed the Eastern Conference in 1993-94, so one id spans both; ESPN group 7 also spans the change"
nhl:eastern,conference,Eastern,XVE,1994,2013,Eastern Conference,Eastern,XVE,7,api-web standings conferenceName/Abbrev,"api-web abbreviates it XVE until 2012-13 and E from 2013-14; no conferences in 2020-21"
nhl:eastern,conference,Eastern,E,2014,,Eastern Conference,Eastern,E,7,api-web standings conferenceName/Abbrev,
nhl:western,conference,Clarence Campbell,CMBL,1975,1993,Clarence Campbell Conference,Clarence Campbell,CMBL,8,api-web standings conferenceName/Abbrev,"lineage: the Clarence Campbell Conference (1974-75 to 1992-93) was renamed the Western Conference in 1993-94, so one id spans both; ESPN group 8 also spans the change"
nhl:western,conference,Western,XVW,1994,2013,Western Conference,Western,XVW,8,api-web standings conferenceName/Abbrev,"api-web abbreviates it XVW until 2012-13 and W from 2013-14; no conferences in 2020-21"
nhl:western,conference,Western,W,2014,,Western Conference,Western,W,8,api-web standings conferenceName/Abbrev,
nhl:canadian,division,Canadian,CDN,1927,1938,Canadian Division,Canadian,CDN,,api-web standings divisionName/Abbrev,"the league's first two-division split, 1926-27 to 1937-38, with no conferences; single table before and after"
nhl:american,division,American,AMR,1927,1938,American Division,American,AMR,,api-web standings divisionName/Abbrev,"1926-27 to 1937-38, with no conferences"
nhl:east-1968,division,East,E,1968,1974,East Division,East,E,,api-web standings divisionName/Abbrev,"the 1967 expansion split, 1967-68 to 1973-74, with no conferences; a new body, unrelated to the later Eastern Conference"
nhl:west-1968,division,West,W,1968,1974,West Division,West,W,,api-web standings divisionName/Abbrev,"1967-68 to 1973-74 (the expansion teams), with no conferences; a new body, unrelated to the later Western Conference"
nhl:adams-northeast,division,Adams,ADM,1975,1993,Adams Division,Adams,ADM,,api-web standings divisionName/Abbrev,"lineage: Adams (1974-75 to 1992-93) renamed Northeast in 1993-94, ended by the 2013-14 realignment. Membership carries over (1992-93 Adams BOS BUF HFD MTL OTT QUE; 1993-94 Northeast adds PIT)"
nhl:adams-northeast,division,Northeast,NE,1994,2013,Northeast Division,Northeast,NE,,api-web standings divisionName/Abbrev,
nhl:patrick-atlantic,division,Patrick,PTK,1975,1993,Patrick Division,Patrick,PTK,,api-web standings divisionName/Abbrev,"lineage: Patrick (1974-75 to 1992-93) renamed Atlantic in 1993-94, ended by the 2013-14 realignment; not the 2013 Atlantic (nhl:atlantic). In the Campbell Conference to 1980-81 and the Wales Conference from 1981-82"
nhl:patrick-atlantic,division,Atlantic,ATL,1994,2013,Atlantic Division,Atlantic,ATL,,api-web standings divisionName/Abbrev,
nhl:norris-central,division,Norris,NRS,1975,1993,Norris Division,Norris,NRS,,api-web standings divisionName/Abbrev,"lineage: Norris (1974-75 to 1992-93) renamed Central in 1993-94, ended by the 2013-14 realignment; not the 2013 Central (nhl:central). In the Wales Conference to 1980-81 and the Campbell Conference from 1981-82"
nhl:norris-central,division,Central,CEN,1994,2013,Central Division,Central,CEN,,api-web standings divisionName/Abbrev,
nhl:smythe-pacific,division,Smythe,SMY,1975,1993,Smythe Division,Smythe,SMY,,api-web standings divisionName/Abbrev,"lineage: Smythe (1974-75 to 1992-93) renamed Pacific in 1993-94, ended by the 2013-14 realignment; not the 2013 Pacific (nhl:pacific)"
nhl:smythe-pacific,division,Pacific,PAC,1994,2013,Pacific Division,Pacific,PAC,,api-web standings divisionName/Abbrev,
nhl:southeast,division,Southeast,SE,1999,2013,Southeast Division,Southeast,SE,,api-web standings divisionName/Abbrev,"new in the 1998-99 six-division alignment; ended by the 2013-14 realignment"
nhl:northwest,division,Northwest,NW,1999,2013,Northwest Division,Northwest,NW,,api-web standings divisionName/Abbrev,"new in the 1998-99 six-division alignment; ended by the 2013-14 realignment"
nhl:atlantic,division,Atlantic,A,2014,,Atlantic Division,Atlantic,A,32,api-web standings divisionName/Abbrev,"lineage: the 2013-14 realignment made four new divisions. ESPN minted new ids for all four (30-33; its pre-2013 Pacific was 5) and api-web changed every abbreviation, so they are new bodies even where a name was reused: this Atlantic took five of the old Northeast's teams and none of the old Atlantic's. Suspended for the 2020-21 temporary divisions"
nhl:metropolitan,division,Metropolitan,M,2014,,Metropolitan Division,Metropolitan,M,33,api-web standings divisionName/Abbrev,"new in 2013-14 (see nhl:atlantic); took the old Atlantic's five teams plus CAR, WSH and CBJ. Suspended for 2020-21"
nhl:central,division,Central,C,2014,,Central Division,Central,C,31,api-web standings divisionName/Abbrev,"new in 2013-14 (see nhl:atlantic). Suspended for 2020-21"
nhl:pacific,division,Pacific,P,2014,,Pacific Division,Pacific,P,30,api-web standings divisionName/Abbrev,"new in 2013-14 (see nhl:atlantic). Suspended for 2020-21"
nhl:east-2021,division,MassMutual East,EST,2021,2021,MassMutual East Division,MassMutual East,EST,,api-web standings divisionName/Abbrev,"2020-21 only: four temporary, sponsor-named, geography-driven divisions (the Canada-US border closure) with no conferences; ESPN has no groups at all for 2021"
nhl:central-2021,division,Discover Central,CEN,2021,2021,Discover Central Division,Discover Central,CEN,,api-web standings divisionName/Abbrev,"2020-21 only (see nhl:east-2021); shares the abbreviation CEN with the 1993-2013 Central, so the match key is (name, abbreviation)"
nhl:west-2021,division,Honda West,WST,2021,2021,Honda West Division,Honda West,WST,,api-web standings divisionName/Abbrev,"2020-21 only (see nhl:east-2021)"
nhl:north-2021,division,Scotia North,NTH,2021,2021,Scotia North Division,Scotia North,NTH,,api-web standings divisionName/Abbrev,"2020-21 only (see nhl:east-2021): the seven Canadian teams"
