season,team_id,conference_id,division_id,source,notes
2002,2617,wbb:southland,,curated,"ESPN's WBB 2002 Horizon League group (45) also lists the 11 Southland teams (no Southland group that season); Southland per ESPN WBB 2003 and MBB 2002 (ESPN standings + KenPom Slnd)"
2002,2447,wbb:southland,,curated,"ESPN's WBB 2002 Horizon League group (45) also lists the 11 Southland teams (no Southland group that season); Southland per ESPN WBB 2003 and MBB 2002 (ESPN standings + KenPom Slnd)"
2002,250,wbb:southland,,curated,"ESPN's WBB 2002 Horizon League group (45) also lists the 11 Southland teams (no Southland group that season); Southland per ESPN WBB 2003 and MBB 2002 (ESPN standings + KenPom Slnd)"
2002,326,wbb:southland,,curated,"ESPN's WBB 2002 Horizon League group (45) also lists the 11 Southland teams (no Southland group that season); Southland per ESPN WBB 2003 and MBB 2002 (ESPN standings + KenPom Slnd)"
2002,2377,wbb:southland,,curated,"ESPN's WBB 2002 Horizon League group (45) also lists the 11 Southland teams (no Southland group that season); Southland per ESPN WBB 2003 and MBB 2002 (ESPN standings + KenPom Slnd)"
2002,2545,wbb:southland,,curated,"ESPN's WBB 2002 Horizon League group (45) also lists the 11 Southland teams (no Southland group that season); Southland per ESPN WBB 2003 and MBB 2002 (ESPN standings + KenPom Slnd)"
2002,2636,wbb:southland,,curated,"ESPN's WBB 2002 Horizon League group (45) also lists the 11 Southland teams (no Southland group that season); Southland per ESPN WBB 2003 and MBB 2002 (ESPN standings + KenPom Slnd)"
2002,2320,wbb:southland,,curated,"ESPN's WBB 2002 Horizon League group (45) also lists the 11 Southland teams (no Southland group that season); Southland per ESPN WBB 2003 and MBB 2002 (ESPN standings + KenPom Slnd)"
2002,2433,wbb:southland,,curated,"ESPN's WBB 2002 Horizon League group (45) also lists the 11 Southland teams (no Southland group that season); Southland per ESPN WBB 2003 and MBB 2002 (ESPN standings + KenPom Slnd)"
2002,2534,wbb:southland,,curated,"ESPN's WBB 2002 Horizon League group (45) also lists the 11 Southland teams (no Southland group that season); Southland per ESPN WBB 2003 and MBB 2002 (ESPN standings + KenPom Slnd)"
2002,2466,wbb:southland,,curated,"ESPN's WBB 2002 Horizon League group (45) also lists the 11 Southland teams (no Southland group that season); Southland per ESPN WBB 2003 and MBB 2002 (ESPN standings + KenPom Slnd)"
